Workbook

Sheet Confusion Matrix
A1: Confusion matrix: AI-assisted audit vs human-only baseline
A2: Rows are the human-only baseline audit, used as the reference. Columns are the AI-assisted audit. Yes = compliant, No = non-compliant, N/A = not applicable.
A4: Human baseline \ AI-assisted | B4: Yes | C4: No | D4: N/A | E4: Row total | F4: Column total vertical
A5: Yes | B5: 28 | C5: 38 | D5: 13 | E5: =SUM(B5:D5) -> 79 | F5: =B8 -> 28
A6: No | B6: 0 | C6: 337 | D6: 14 | E6: =SUM(B6:D6) -> 351 | F6: =C8 -> 376
A7: N/A | B7: 0 | C7: 1 | D7: 38 | E7: =SUM(B7:D7) -> 39 | F7: =D8 -> 65
A8: Column total | B8: =SUM(B5:B7) -> 28 | C8: =SUM(C5:C7) -> 376 | D8: =SUM(D5:D7) -> 65 | E8: =SUM(E5:E7) -> 469
A10: Key reading: diagonal cells are agreements. Off-diagonal cells are discrepancies. The zero in Human No / AI Yes means that no false compliance cases were observed.

Sheet One-vs-Rest
A1: One-vs-rest calculations by class
A2: For each class, that class is treated as positive and the other two classes are treated as negative. These rows explain how the macro metrics are obtained.
A4: Class | B4: TP | C4: FN | D4: FP | E4: TN | F4: Precision | G4: Recall / TPR | H4: F1-score | I4: Specificity / TNR | J4: NPV | K4: FPR | L4: FNR | M4: Balanced accuracy | N4: MCC one-vs-rest
A5: Yes | B5: ='Confusion Matrix'!B5 -> 28 | C5: ='Confusion Matrix'!E5-B5 -> 51 | D5: ='Confusion Matrix'!B8-B5 -> 0 | E5: ='Confusion Matrix'!E8-B5-C5-D5 -> 390 | F5: =IFERROR(B5/(B5+D5),0) -> 1 | G5: =IFERROR(B5/(B5+C5),0) -> 0.35443038 | H5: =IFERROR(2*F5*G5/(F5+G5),0) -> 0.52336449 | I5: =IFERROR(E5/(E5+D5),0) -> 1 | J5: =IFERROR(E5/(E5+C5),0) -> 0.88435374 | K5: =IFERROR(D5/(D5+E5),0) -> 0 | L5: =IFERROR(C5/(C5+B5),0) -> 0.64556962 | M5: =(G5+I5)/2 -> 0.67721519 | N5: =IFERROR((B5*E5-D5*C5)/SQRT((B5+D5)*(B5+C5)*(E5+D5)*(E5+C5)),0) -> 0.55985876
A6: No | B6: ='Confusion Matrix'!C6 -> 337 | C6: ='Confusion Matrix'!E6-B6 -> 14 | D6: ='Confusion Matrix'!C8-B6 -> 39 | E6: ='Confusion Matrix'!E8-B6-C6-D6 -> 79 | F6: =IFERROR(B6/(B6+D6),0) -> 0.8962766 | G6: =IFERROR(B6/(B6+C6),0) -> 0.96011396 | H6: =IFERROR(2*F6*G6/(F6+G6),0) -> 0.92709766 | I6: =IFERROR(E6/(E6+D6),0) -> 0.66949153 | J6: =IFERROR(E6/(E6+C6),0) -> 0.84946237 | K6: =IFERROR(D6/(D6+E6),0) -> 0.33050847 | L6: =IFERROR(C6/(C6+B6),0) -> 0.03988604 | M6: =(G6+I6)/2 -> 0.81480274 | N6: =IFERROR((B6*E6-D6*C6)/SQRT((B6+D6)*(B6+C6)*(E6+D6)*(E6+C6)),0) -> 0.68521627
A7: N/A | B7: ='Confusion Matrix'!D7 -> 38 | C7: ='Confusion Matrix'!E7-B7 -> 1 | D7: ='Confusion Matrix'!D8-B7 -> 27 | E7: ='Confusion Matrix'!E8-B7-C7-D7 -> 403 | F7: =IFERROR(B7/(B7+D7),0) -> 0.58461538 | G7: =IFERROR(B7/(B7+C7),0) -> 0.97435897 | H7: =IFERROR(2*F7*G7/(F7+G7),0) -> 0.73076923 | I7: =IFERROR(E7/(E7+D7),0) -> 0.9372093 | J7: =IFERROR(E7/(E7+C7),0) -> 0.99752475 | K7: =IFERROR(D7/(D7+E7),0) -> 0.062790698 | L7: =IFERROR(C7/(C7+B7),0) -> 0.025641026 | M7: =(G7+I7)/2 -> 0.95578414 | N7: =IFERROR((B7*E7-D7*C7)/SQRT((B7+D7)*(B7+C7)*(E7+D7)*(E7+C7)),0) -> 0.72846447
A8: Macro average | F8: =AVERAGE(F5:F7) -> 0.82696399 | G8: =AVERAGE(G5:G7) -> 0.76296777 | H8: =AVERAGE(H5:H7) -> 0.72707713 | I8: =AVERAGE(I5:I7) -> 0.86890028 | J8: =AVERAGE(J5:J7) -> 0.91044695 | K8: =AVERAGE(K5:K7) -> 0.13109972 | L8: =AVERAGE(L5:L7) -> 0.23703223 | M8: =AVERAGE(M5:M7) -> 0.81593402 | N8: =AVERAGE(N5:N7) -> 0.6578465

Sheet Metrics Summary
A1: Summary metrics for the AI-assisted audit against the human-only baseline
A2: The human-only audit is the reference. The AI-assisted audit is the evaluated output. Macro metrics are unweighted averages across Yes, No, and N/A using one-vs-rest calculations.
A4: Metric | B4: Formula / definition | C4: Value | D4: How to read it in this study
A5: Accuracy | B5: Correct decisions / total | C5: =('Confusion Matrix'!B5+'Confusion Matrix'!C6+'Confusion Matrix'!D7)/'Confusion Matrix'!E8 -> 0.85927505 | D5: Overall agreement between AI-assisted audit and human-only baseline.
A6: Error rate | B6: Incorrect decisions / total | C6: =1-C5 -> 0.14072495 | D6: Overall disagreement between both audits.
A7: Macro Precision | B7: Average precision across Yes, No, and N/A | C7: ='One-vs-Rest'!F8 -> 0.82696399 | D7: How reliable the AI-assisted audit was when it assigned each class.
A8: Macro Recall / Sensitivity / TPR | B8: Average recall across Yes, No, and N/A | C8: ='One-vs-Rest'!G8 -> 0.76296777 | D8: How many human-reference cases of each class were recovered by the AI-assisted audit.
A9: Macro F1-score | B9: Average F1-score across Yes, No, and N/A | C9: ='One-vs-Rest'!H8 -> 0.72707713 | D9: Balance between precision and recall.
A10: Macro Specificity / TNR | B10: Average specificity across Yes, No, and N/A | C10: ='One-vs-Rest'!I8 -> 0.86890028 | D10: Ability to avoid assigning a class when that class did not apply.
A11: Macro NPV | B11: Average negative predictive value across Yes, No, and N/A | C11: ='One-vs-Rest'!J8 -> 0.91044695 | D11: Reliability of the negative decisions relative to each class.
A12: Balanced Accuracy | B12: Multiclass balanced accuracy = average recall across classes | C12: ='One-vs-Rest'!G8 -> 0.76296777 | D12: Useful when class frequencies are imbalanced.
A13: Multiclass MCC | B13: Matthews correlation coefficient computed from the full 3x3 matrix | C13: 0.64611615 | D13: Global agreement quality. 1 is perfect, 0 is chance-like, negative values indicate systematic disagreement.
A14: Macro FPR | B14: Average false positive rate across Yes, No, and N/A | C14: ='One-vs-Rest'!K8 -> 0.13109972 | D14: How often the AI-assisted audit incorrectly assigned a class.
A15: Macro FNR | B15: Average false negative rate across Yes, No, and N/A | C15: ='One-vs-Rest'!L8 -> 0.23703223 | D15: How often the AI-assisted audit failed to recover a human-reference class.

Sheet Metric Guide
A1: Metric guide and calculation notes
A2: This sheet explains the abbreviations and formulas used in the workbook. It is intended to make the confusion-matrix metrics understandable and reproducible.
A4: Term | B4: Full name | C4: Formula | D4: Plain-English interpretation
A5: TP | B5: True Positive | C5: Human = class and AI = class | D5: The AI-assisted audit correctly assigned the class used as the positive class.
A6: FN | B6: False Negative | C6: Human = class and AI <> class | D6: The human baseline assigned the class, but the AI-assisted audit missed it.
A7: FP | B7: False Positive | C7: Human <> class and AI = class | D7: The AI-assisted audit assigned the class when the human baseline did not.
A8: TN | B8: True Negative | C8: Human <> class and AI <> class | D8: The AI-assisted audit correctly avoided assigning that class.
A9: TPR | B9: True Positive Rate, also Recall or Sensitivity | C9: TP / (TP + FN) | D9: How much of a human-reference class the AI-assisted audit recovered.
A10: TNR | B10: True Negative Rate, also Specificity | C10: TN / (TN + FP) | D10: How well the AI-assisted audit avoided assigning a class when it did not apply.
A11: NPV | B11: Negative Predictive Value | C11: TN / (TN + FN) | D11: How reliable the negative decisions were for a given class.
A12: FPR | B12: False Positive Rate | C12: FP / (FP + TN) | D12: How often the AI-assisted audit incorrectly assigned a class.
A13: FNR | B13: False Negative Rate | C13: FN / (FN + TP) | D13: How often the AI-assisted audit failed to recover a class assigned by the human baseline.
A14: MCC | B14: Matthews Correlation Coefficient | C14: Binary: (TP*TN - FP*FN) / SQRT((TP+FP)(TP+FN)(TN+FP)(TN+FN)) | D14: A robust correlation-like measure of classification quality. It ranges from -1 to 1.
A16: Metric | B16: Workbook calculation | C16: Formula | D16: Plain-English interpretation
... A27: Macro FNR | B27: Computed per class, then macro-averaged | C27: FN / (FN + TP) | D27: Average rate at which AI missed each human-reference class.
A29: Main interpretation for the paper: The AI-assisted audit showed high exact agreement and no false compliance cases for Human No / AI Yes. However, it behaved conservatively for the Yes class: it did not always confirm compliance when explicit evidence was missing.
